Name,Username,Department
Peggy Jones,peggyjones5,Chemistry
Mallory Wilson,mallorywilson91,Economics
Olivia Davis,oliviadavis2,Mathematics
Charlie Brown,charliebrown94,Mathematics
Olivia Wilson,oliviawilson93,Chemistry
Kevin Smith,kevinsmith35,Civic Education
Hannah Martinez,hannahmartinez90,Biology
Alice Jones,alicejones3,Computer Science
Olivia Miller,oliviamiller89,Computer Science
Ruth Jones,ruthjones96,Chemistry
Peggy Smith,peggysmith8,Economics
Hannah Jones,hannahjones11,Economics
Frank Martinez,frankmartinez44,Physics
Grace Brown,gracebrown59,Chemistry
Kevin Garcia,kevingarcia11,Computer Science
Bob Brown,bobbrown36,Chemistry
Diana Brown,dianabrown19,Computer Science
Olivia Miller,oliviamiller78,Physics
Grace Smith,gracesmith79,Mathematics
Niaj Jones,niajjones8,Chemistry
Bob Garcia,bobgarcia98,Biology
Niaj Brown,niajbrown96,Computer Science
Ivan Johnson,ivanjohnson82,Biology
Charlie Smith,charliesmith73,Civic Education
Bob Jones,bobjones10,Civic Education
Steve Garcia,stevegarcia92,Biology
Peggy Davis,peggydavis35,Economics
Bob Davis,bobdavis25,Biology
Niaj Miller,niajmiller4,Physics
Mallory Martinez,mallorymartinez73,Civic Education
Hannah Garcia,hannahgarcia60,Civic Education
Olivia Miller,oliviamiller17,Biology
Charlie Miller,charliemiller47,Civic Education
Ruth Wilson,ruthwilson16,Economics
Trudy Williams,trudywilliams51,Civic Education
Laura Martinez,lauramartinez36,Biology
Trudy Martinez,trudymartinez75,Biology
Eve Jones,evejones84,Mathematics
Hannah Davis,hannahdavis4,Economics
Mallory Jones,malloryjones68,Physics
Alice Williams,alicewilliams67,Physics
Trudy Davis,trudydavis14,Biology
Quentin Wilson,quentinwilson67,Economics
Frank Davis,frankdavis21,Economics
Peggy Brown,peggybrown46,Civic Education
Ruth Miller,ruthmiller46,Biology
Mallory Martinez,mallorymartinez85,Economics
Trudy Smith,trudysmith34,Biology
Grace Martinez,gracemartinez81,Economics
Peggy Miller,peggymiller7,Civic Education
Hannah Williams,hannahwilliams40,Mathematics
Frank Garcia,frankgarcia23,Mathematics
Charlie Garcia,charliegarcia80,Economics
Kevin Wilson,kevinwilson66,Mathematics
Ruth Wilson,ruthwilson81,Civic Education
Alice Miller,alicemiller70,Biology
Alice Williams,alicewilliams6,Computer Science
Steve Williams,stevewilliams10,Economics
Quentin Williams,quentinwilliams97,Economics
Steve Miller,stevemiller23,Biology
Mallory Williams,mallorywilliams75,Chemistry
Ruth Martinez,ruthmartinez76,Computer Science
Trudy Davis,trudydavis87,Physics
Semire Ajayi,semajayi,Computer Science
Laura Miller,lauramiller91,Chemistry
Alice Martinez,alicemartinez24,Civic Education
Laura Wilson,laurawilson84,Civic Education
Grace Jones,gracejones7,Chemistry
Eve Martinez,evemartinez90,Mathematics
Ivan Johnson,ivanjohnson5,Computer Science
Hannah Brown,hannahbrown66,Mathematics
Diana Miller,dianamiller92,Economics
Judy Smith,judysmith39,Biology
Bob Wilson,bobwilson83,Physics
Hannah Brown,hannahbrown90,Physics
Trudy Smith,trudysmith52,Chemistry
Ruth Davis,ruthdavis14,Biology
Kevin Davis,kevindavis46,Civic Education
Trudy Miller,trudymiller11,Mathematics
Hannah Wilson,hannahwilson25,Civic Education
Grace Garcia,gracegarcia74,Mathematics
Olivia Smith,oliviasmith81,Biology
Steve Martinez,stevemartinez83,Chemistry
Laura Williams,laurawilliams89,Computer Science
Steve Martinez,stevemartinez62,Economics
Peggy Smith,peggysmith74,Biology
Steve Williams,stevewilliams96,Biology
Alice Brown,alicebrown89,Chemistry
Laura Brown,laurabrown95,Mathematics
Ivan Jones,ivanjones39,Mathematics
Trudy Brown,trudybrown86,Mathematics
Diana Brown,dianabrown67,Mathematics
Grace Miller,gracemiller12,Mathematics
Judy Johnson,judyjohnson96,Economics
Trudy Wilson,trudywilson31,Biology
Grace Smith,gracesmith76,Biology
Steve Martinez,stevemartinez66,Economics
Charlie Garcia,charliegarcia93,Physics
Steve Smith,stevesmith39,Biology
Grace Johnson,gracejohnson94,Computer Science
Kevin Miller,kevinmiller47,Chemistry